{"cameraMode":{"drawMode":0,"name":"Shaded","section":"Shading Mode"},"sceneLighting":true,"audioPlay":false,"sceneViewState":{"m_AlwaysRefresh":false,"showFog":true,"showSkybox":true,"showFlares":true,"showImageEffects":true,"showParticleSystems":true,"showVisualEffectGraphs":true,"m_FxEnabled":true},"in2DMode":false,"pivot":{"x":122.28995513916016,"y":30.14280128479004,"z":96.32633209228516},"rotation":{"x":0.030847735702991487,"y":0.3814164996147156,"z":-0.012568162754178048,"w":0.9239490628242493},"size":2.933168888092041,"orthographic":false}