{"cameraMode":{"drawMode":0,"name":"Shaded","section":"Shading Mode"},"sceneLighting":true,"audioPlay":false,"sceneViewState":{"m_AlwaysRefresh":false,"showFog":true,"showSkybox":true,"showFlares":true,"showImageEffects":true,"showParticleSystems":true,"showVisualEffectGraphs":true,"m_FxEnabled":true},"in2DMode":false,"pivot":{"x":492.338134765625,"y":430.4412536621094,"z":-262.0899353027344},"rotation":{"x":-0.05877343937754631,"y":-0.008387777023017407,"z":0.0004939744831062853,"w":-0.9982385635375977},"size":228.1184539794922,"orthographic":false}