{"cameraMode":{"drawMode":0,"name":"Shaded","section":"Shading Mode"},"sceneLighting":true,"audioPlay":false,"sceneViewState":{"m_AlwaysRefresh":false,"showFog":true,"showSkybox":true,"showFlares":true,"showImageEffects":true,"showParticleSystems":true,"showVisualEffectGraphs":true,"m_FxEnabled":true},"in2DMode":false,"pivot":{"x":440.18988037109377,"y":348.39886474609377,"z":17.14739990234375},"rotation":{"x":-0.018297431990504266,"y":0.035084206610918048,"z":-0.0006417706608772278,"w":-0.9992218017578125},"size":270.9423828125,"orthographic":false}